{"cameraMode":{"drawMode":0,"name":"Shaded","section":"Shading Mode"},"sceneLighting":false,"audioPlay":false,"sceneViewState":{"m_AlwaysRefresh":false,"showFog":true,"showSkybox":false,"showFlares":true,"showImageEffects":true,"showParticleSystems":true,"showVisualEffectGraphs":true,"m_FxEnabled":true},"in2DMode":false,"pivot":{"x":0.18117423355579377,"y":-0.6232370734214783,"z":1.0287399291992188},"rotation":{"x":0.12745417654514314,"y":-0.012849307619035244,"z":0.0039789411239326,"w":0.9920037984848023},"size":0.904394805431366,"orthographic":false}