{"cameraMode":{"drawMode":0,"name":"Shaded","section":"Shading Mode"},"sceneLighting":false,"audioPlay":false,"sceneViewState":{"m_AlwaysRefresh":false,"showFog":true,"showSkybox":false,"showFlares":true,"showImageEffects":true,"showParticleSystems":true,"showVisualEffectGraphs":true,"m_FxEnabled":true},"in2DMode":false,"pivot":{"x":-2.8563106060028078,"y":-0.26402705907821658,"z":-6.010789394378662},"rotation":{"x":0.03368952497839928,"y":0.9414511322975159,"z":0.09892071038484574,"w":-0.32057544589042666},"size":3.5666069984436037,"orthographic":false}