{"cameraMode":{"drawMode":0,"name":"Shaded","section":"Shading Mode"},"sceneLighting":true,"audioPlay":false,"sceneViewState":{"showFog":true,"showMaterialUpdate":false,"showSkybox":true,"showFlares":true,"showImageEffects":true,"showParticleSystems":true,"showVisualEffectGraphs":true,"m_FxEnabled":true},"in2DMode":false,"pivot":{"x":1.9074091911315919,"y":-4.206184387207031,"z":-0.3876800537109375},"rotation":{"x":-0.23230460286140443,"y":0.23559211194515229,"z":-0.058105938136577609,"w":-0.9418966770172119},"size":6.430133819580078,"orthographic":false}