{"cameraMode":{"drawMode":0,"name":"Shaded","section":"Shading Mode"},"sceneLighting":true,"audioPlay":false,"sceneViewState":{"showFog":true,"showMaterialUpdate":false,"showSkybox":true,"showFlares":true,"showImageEffects":true,"showParticleSystems":true,"showVisualEffectGraphs":true,"m_FxEnabled":true},"in2DMode":false,"pivot":{"x":-6.182988166809082,"y":-1.3254667520523072,"z":9.420924186706543},"rotation":{"x":-0.03518940880894661,"y":0.36517560482025149,"z":-0.013808361254632473,"w":-0.9301836490631104},"size":15.811041831970215,"orthographic":false}